{
  "total_operations": 7,
  "total_time": 0.00027645801310427487,
  "avg_time_per_operation": 3.9494001872039265e-05,
  "slowest_operations": [
    [
      "chain_execution_8afede15-9277-4c51-ab1d-7d469fab303e",
      0.00014837502385489643
    ],
    [
      "pre_generation_retrieval",
      3.391699283383787e-05
    ],
    [
      "validation",
      3.3082993468269706e-05
    ],
    [
      "text_generation",
      2.154201501980424e-05
    ],
    [
      "validation_LengthValidator",
      1.5708006685599685e-05
    ]
  ],
  "most_frequent_operations": [
    [
      "pre_generation_retrieval",
      1
    ],
    [
      "text_generation",
      1
    ],
    [
      "post_generation_retrieval",
      1
    ],
    [
      "validation_LengthValidator",
      1
    ],
    [
      "validation_RegexValidator",
      1
    ]
  ],
  "unique_operations": 7,
  "operations": {
    "pre_generation_retrieval": {
      "name": "pre_generation_retrieval",
      "total_time": 3.391699283383787e-05,
      "call_count": 1,
      "avg_time": 3.391699283383787e-05,
      "min_time": 3.391699283383787e-05,
      "max_time": 3.391699283383787e-05,
      "recent_avg_time": 3.391699283383787e-05
    },
    "text_generation": {
      "name": "text_generation",
      "total_time": 2.154201501980424e-05,
      "call_count": 1,
      "avg_time": 2.154201501980424e-05,
      "min_time": 2.154201501980424e-05,
      "max_time": 2.154201501980424e-05,
      "recent_avg_time": 2.154201501980424e-05
    },
    "post_generation_retrieval": {
      "name": "post_generation_retrieval",
      "total_time": 1.2457981938496232e-05,
      "call_count": 1,
      "avg_time": 1.2457981938496232e-05,
      "min_time": 1.2457981938496232e-05,
      "max_time": 1.2457981938496232e-05,
      "recent_avg_time": 1.2457981938496232e-05
    },
    "validation_LengthValidator": {
      "name": "validation_LengthValidator",
      "total_time": 1.5708006685599685e-05,
      "call_count": 1,
      "avg_time": 1.5708006685599685e-05,
      "min_time": 1.5708006685599685e-05,
      "max_time": 1.5708006685599685e-05,
      "recent_avg_time": 1.5708006685599685e-05
    },
    "validation_RegexValidator": {
      "name": "validation_RegexValidator",
      "total_time": 1.1374999303370714e-05,
      "call_count": 1,
      "avg_time": 1.1374999303370714e-05,
      "min_time": 1.1374999303370714e-05,
      "max_time": 1.1374999303370714e-05,
      "recent_avg_time": 1.1374999303370714e-05
    },
    "validation": {
      "name": "validation",
      "total_time": 3.3082993468269706e-05,
      "call_count": 1,
      "avg_time": 3.3082993468269706e-05,
      "min_time": 3.3082993468269706e-05,
      "max_time": 3.3082993468269706e-05,
      "recent_avg_time": 3.3082993468269706e-05
    },
    "chain_execution_8afede15-9277-4c51-ab1d-7d469fab303e": {
      "name": "chain_execution_8afede15-9277-4c51-ab1d-7d469fab303e",
      "total_time": 0.00014837502385489643,
      "call_count": 1,
      "avg_time": 0.00014837502385489643,
      "min_time": 0.00014837502385489643,
      "max_time": 0.00014837502385489643,
      "recent_avg_time": 0.00014837502385489643
    }
  }
}